{"cameraMode":{"drawMode":0,"name":"Shaded","section":"Shading Mode"},"sceneLighting":true,"audioPlay":false,"sceneViewState":{"m_AlwaysRefresh":false,"showFog":true,"showSkybox":true,"showFlares":true,"showImageEffects":true,"showParticleSystems":true,"showVisualEffectGraphs":true,"m_FxEnabled":true},"in2DMode":false,"pivot":{"x":-4.366894721984863,"y":-4.158293724060059,"z":-18.40035629272461},"rotation":{"x":-0.0031974853482097389,"y":0.9833710789680481,"z":-0.18078294396400453,"w":-0.017407022416591646},"size":33.752960205078128,"orthographic":false}